lesion_id,AKIEC,BCC,BEN_OTH,BKL,DF,INF,MAL_OTH,MEL,NV,SCCKA,VASC
IL_0006205,0.9970798,0.993189,8.6586704e-05,0.99156255,0.0899521,0.0018769249,0.06777515,0.012982967,0.0023329242,0.99994695,0.001972329
IL_0025400,0.9999145,0.9863282,0.0040144967,0.9996183,0.0022952917,0.0057093925,0.05439706,0.7169106,0.021110801,0.97193134,2.994333e-05
IL_0039001,7.860057e-06,0.004586832,0.98248833,0.027972518,0.026445024,0.05841153,0.024742968,0.9241082,0.99973744,2.6777445e-07,0.5510903
IL_0046799,0.9940644,0.98502535,2.32726e-06,0.98668,0.17881802,1.8508983e-05,0.034917433,0.0023959,0.00013950511,0.99999976,0.0053050662
IL_0054262,0.0047707423,0.009853019,0.0094515765,0.043120172,0.99896884,0.24474888,0.048926994,0.87255615,0.88850033,0.00044467614,0.013333783
IL_0056788,0.9999373,0.9897391,0.00043571112,0.99832934,0.002916679,0.03906223,0.015026275,0.27094117,0.0034549332,0.9979539,2.1934009e-05
IL_0093956,0.9286669,0.9958533,0.047609847,0.8898669,0.033907324,0.9767447,0.041053668,0.021765383,0.013585785,0.779909,0.00046635058
IL_0103904,0.99975544,0.990625,0.00072243076,0.99665964,0.008998103,0.043798998,0.035090335,0.17178033,0.006510842,0.99722666,9.416386e-05
IL_0118369,0.0002021019,0.078711495,0.13714574,0.94852734,0.0021022384,0.0010448761,0.53344566,0.9982817,0.99986017,2.323687e-06,0.0025076903
IL_0151990,0.0005930289,0.0072659487,0.10228864,0.99001557,0.00033151367,9.877619e-05,0.5107839,0.9999609,0.99996495,4.968987e-07,9.075522e-05
IL_0171236,0.03010606,0.09901732,0.52034795,0.12785593,0.5038152,0.0762781,0.10717196,0.29553598,0.34964737,0.28142795,0.938063
IL_0183960,0.010791238,0.87090594,0.9883428,0.26844767,0.03788595,0.63006186,0.2011639,0.11778173,0.7596237,0.0011407406,0.51416254
IL_0207706,0.015361467,0.10347027,0.16715807,0.87127554,0.060386177,0.007562257,0.54196334,0.99142176,0.986251,0.0022905718,0.033690937
IL_0207891,0.9984515,0.99415004,0.000108099346,0.99651045,0.1099624,0.0011152336,0.10572011,0.024051392,0.005191707,0.9999298,0.0010881942
IL_0225203,0.93160653,0.93830895,0.14732176,0.99467826,0.038175333,0.003641903,0.6657428,0.91905534,0.53205043,0.1725241,0.0075235763
IL_0227635,0.99993443,0.9839018,0.0028217875,0.99953127,0.0016275398,0.014678041,0.05087275,0.74089634,0.017692557,0.95903474,1.0810454e-05
IL_0259815,0.21844985,0.28468695,0.5158618,0.9912277,0.0015339421,0.0018774738,0.7035937,0.9961604,0.99204016,0.0006383072,0.00095333776
IL_0260810,0.1751079,0.9434089,0.33080044,0.89284974,0.15725377,0.084397584,0.7890683,0.45251122,0.70031977,0.09810097,0.09775524
IL_0262469,0.9986546,0.90444577,0.018498847,0.99957234,0.0020542098,0.0008262603,0.18369551,0.92407525,0.16724528,0.816186,0.00014686616
IL_0267598,0.6411646,0.73108995,0.18284099,0.99520504,0.0034876096,0.0018066319,0.634042,0.9661934,0.94845045,0.015521781,0.00079288584
IL_0312376,0.98112947,0.9857329,0.05484943,0.9842413,0.14231293,0.046117816,0.41002202,0.2701511,0.101469435,0.8729793,0.0069654216
IL_0331012,0.60236174,0.9650593,0.06496563,0.8840581,0.45350465,0.12286208,0.6233178,0.18138723,0.3093828,0.71192414,0.05186557
IL_0344325,0.15202755,0.68752575,0.83571315,0.17699364,0.14389136,0.9852291,0.104068115,0.08520008,0.35277343,0.026867548,0.051589314
IL_0403731,0.9997433,0.9787896,0.00034161095,0.99772984,0.00724378,0.004687926,0.042186584,0.13517784,0.0024004185,0.99986756,0.0001539157
IL_0404181,0.8851484,0.987971,0.009506847,0.9661966,0.50621855,0.0071250712,0.38439158,0.11142759,0.09152282,0.96732116,0.07169551
IL_0465184,0.74088824,0.9984743,0.046632197,0.98286784,0.42081454,0.021516938,0.47878903,0.10718045,0.12662148,0.6124082,0.02648832
IL_0492696,0.00014785693,0.11602922,0.48233733,0.8759145,0.001512031,0.002162894,0.33996087,0.9959636,0.9998585,2.6344983e-06,0.0138781415
IL_0560781,0.011750955,0.012546539,0.19372813,0.05219792,0.99621385,0.4756026,0.04204533,0.8342738,0.8799282,0.0003497464,0.0193365
IL_0575017,0.542703,0.60833645,0.056445435,0.99665475,0.0017503793,0.0013238637,0.5977678,0.9674141,0.9469636,0.026075576,0.00066934794
IL_0578791,0.8589746,0.83758134,0.21236692,0.9025895,0.2691805,0.1802716,0.6428371,0.56095976,0.39134395,0.4139738,0.039910052
IL_0611781,0.54058254,0.9037674,0.099075876,0.73249197,0.3865658,0.0900003,0.3141811,0.13236181,0.1576311,0.85768044,0.33241826
IL_0649132,0.96626073,0.9898516,0.07744027,0.9984549,0.012552524,0.00065338856,0.35787848,0.46492997,0.24252105,0.793409,0.0023694478
IL_0704269,0.8880508,0.96034896,0.0140516255,0.92478406,0.27527907,0.028674629,0.3019549,0.053833067,0.060741704,0.9926675,0.04799615
IL_0718371,0.9990633,0.98991174,2.2014603e-05,0.99600106,0.03858601,0.00044530438,0.05491446,0.014719689,0.0006749983,0.9999963,0.00069203693
IL_0721442,0.99920577,0.9004249,0.011352617,0.99862874,0.006274459,0.0028023378,0.09966524,0.85918254,0.03000407,0.96609694,0.000720691
IL_0754056,0.99844474,0.9931564,0.014274928,0.9979862,0.03441069,0.005324846,0.14657953,0.25668058,0.053315945,0.97362024,0.0011688838
IL_0808321,0.09530231,0.043730047,0.7813796,0.83355814,0.045981698,0.021012152,0.4320992,0.98910564,0.9841838,0.00026284307,0.002660237
IL_0854378,0.8594416,0.82031703,0.107563905,0.7653186,0.12595357,0.52928025,0.32481667,0.21646461,0.11717767,0.9167946,0.042029995
IL_0895462,0.9641965,0.9978961,0.023129841,0.98783755,0.38829058,0.07396569,0.26166305,0.14574833,0.08999936,0.67187524,0.003256688
IL_0928130,0.8276217,0.8699394,0.22246389,0.96119297,0.13521887,0.043963686,0.7800859,0.70286924,0.40463257,0.3857699,0.020837517
IL_0977585,0.9655046,0.9861718,0.0007528659,0.9828135,0.19616993,0.0014361461,0.28284737,0.01636415,0.013202282,0.99991333,0.011054026
IL_0977986,0.2083435,0.97675794,0.041846346,0.8677936,0.34634188,0.012002142,0.47831467,0.112220585,0.25787324,0.7958194,0.4333855
IL_0996202,0.00021125819,0.009838683,0.112700135,0.4938319,0.22448833,0.014094756,0.31086782,0.9968336,0.99968886,2.6976684e-06,0.0051238164
IL_1009731,0.97969645,0.9906316,0.00049301627,0.98144066,0.18456213,0.0033476762,0.20184246,0.0149453515,0.008338802,0.99984086,0.008247054
IL_1011664,0.9957819,0.6466103,0.12700789,0.9998621,0.00039589152,0.00012052121,0.38747346,0.99933773,0.7830216,0.018965617,4.5273013e-05
IL_1020124,0.51173186,0.2325505,0.1645735,0.7027575,0.35740346,0.08951957,0.38143802,0.798425,0.23468073,0.6103558,0.17665361
IL_1024284,0.99553156,0.97912264,5.0716782e-05,0.98426753,0.110232145,0.00080040615,0.06639356,0.022147704,0.0009678242,0.99997914,0.0041773836
IL_1024365,0.9963252,0.99552923,0.019112192,0.9969619,0.07540723,0.014272774,0.35070252,0.32316408,0.104465455,0.8556357,0.0009507925
IL_1080907,0.95665824,0.9977106,0.012280682,0.9828355,0.32826394,0.059192903,0.28772992,0.058572,0.03974016,0.9214854,0.0042126207
IL_1159502,0.7232061,0.9925417,0.08376984,0.9350463,0.31485403,0.055345047,0.41180614,0.053011294,0.059826843,0.82560694,0.053214505
IL_1183203,0.99852633,0.99617106,0.00077128405,0.9941929,0.07508461,0.024934389,0.09428836,0.05934106,0.013149068,0.99498934,0.00041995785
IL_1236220,0.9612123,0.9680751,0.0011352721,0.9779008,0.099944204,0.0006716016,0.20735425,0.029497804,0.006153071,0.99994814,0.029165003
IL_1246958,0.0051303618,0.09196497,0.13212872,0.023203263,0.9991666,0.7555577,0.013309796,0.25737885,0.4570759,0.004465017,0.56261027
IL_1248470,0.26662365,0.19599023,0.3787996,0.9055622,0.083296746,0.036253158,0.784162,0.9804403,0.9182248,0.009919489,0.009398959
IL_1266003,0.061001584,0.108149655,0.17964578,0.9785725,0.004665218,0.0007879119,0.388492,0.9963569,0.95900744,0.019188158,0.015017746
IL_1298091,0.96239144,0.9858775,0.20575318,0.992926,0.07534877,0.014705305,0.64916974,0.61806977,0.32731363,0.29702935,0.0039035175
IL_1418346,0.99749386,0.9934104,0.00082611275,0.9891455,0.03675007,0.042603485,0.084735125,0.037755404,0.006212416,0.9990361,0.0007282606
IL_1420891,1.9167884e-07,0.0013469164,0.10587085,0.32063937,0.012902892,0.0004341654,0.011387168,0.99901426,0.99999154,2.2744906e-08,0.42454928
IL_1431089,0.3284856,0.8244082,0.018916603,0.8359925,0.49652264,0.009348724,0.2503765,0.16832508,0.31663442,0.943784,0.291504
IL_1450991,0.9991817,0.99712676,7.857809e-06,0.99512094,0.060562074,0.0012231558,0.035861313,0.0040773866,0.0006391442,0.99999475,0.00024801647
IL_1497560,0.9105969,0.9678931,0.05387994,0.9926206,0.09142323,0.00563998,0.4832496,0.72173154,0.68908376,0.17173252,0.0075485026
IL_1502550,0.027547339,0.19960424,0.017792368,0.10916128,0.99834824,0.25896347,0.044343144,0.37483332,0.68784046,0.0043923757,0.08803394
IL_1515580,0.96114343,0.90183467,0.00090614083,0.7159227,0.07866759,0.37793314,0.03820741,0.025685856,0.0064411354,0.9987903,0.0017061838
IL_1562660,0.83250463,0.834212,0.09633509,0.96578336,0.10214625,0.022008816,0.55344456,0.5516912,0.3855765,0.7187917,0.036830347
IL_1574123,0.008611634,0.095259815,0.22121017,0.9963464,0.00012072445,0.00015221217,0.6335997,0.9997279,0.9997876,9.570303e-06,0.00017529554
IL_1619785,0.0040559536,0.051413175,0.25158614,0.99337703,0.00020140072,0.00017121217,0.60384935,0.99970275,0.9995664,1.9558685e-05,0.000603094
IL_1633612,0.9917242,0.9626135,1.3684644e-05,0.97937334,0.17743663,0.00011280405,0.05661584,0.006770014,0.00055752974,0.999998,0.007418395
IL_1641818,0.9832344,0.343183,0.13125351,0.98658526,0.014209254,0.04636581,0.55655754,0.984838,0.5833084,0.07820463,0.00045223266
IL_1643221,0.9906098,0.93108463,0.0019476764,0.9497405,0.23586464,0.06250363,0.15511698,0.13965239,0.05377955,0.99012053,0.0046235537
IL_1664752,0.9886855,0.9427801,0.004560138,0.98795766,0.10734103,0.0066291257,0.30603474,0.19975403,0.060380723,0.99527454,0.0061047133
IL_1681515,0.99084395,0.97525066,0.00061511976,0.9530829,0.070707776,0.049491834,0.08566801,0.02527239,0.0054768664,0.999539,0.0024883468
IL_1688338,0.68329376,0.6059474,0.2909182,0.8333664,0.24296242,0.2659912,0.7334583,0.6520372,0.55886865,0.27204445,0.03738667
IL_1706933,0.03620017,0.5773981,0.20060727,0.5596227,0.41291484,0.04914107,0.3148496,0.3714736,0.60123026,0.2640528,0.92444307
IL_1860067,0.66767687,0.9762506,0.25553775,0.8903174,0.3802809,0.30747187,0.5526031,0.18010889,0.21069862,0.37788504,0.04442571
IL_1884002,0.97685117,0.94186366,0.08002053,0.99796057,0.011313438,0.0016896639,0.5321671,0.8572571,0.45880154,0.38588053,0.0010252701
IL_1897663,0.99504024,0.9856148,1.182259e-05,0.99011725,0.047504876,9.51458e-05,0.057450466,0.0051301233,0.00027344908,0.99999964,0.0022800257
IL_1901178,0.9995974,0.98302054,0.010280128,0.9990553,0.006213588,0.011435737,0.14612557,0.65637904,0.045427725,0.9170507,8.3248065e-05
IL_1935222,0.99884015,0.98478633,0.016556514,0.99887997,0.008078943,0.007819524,0.33511224,0.5720756,0.06333102,0.92803866,0.00017694816
IL_1968737,2.1194022e-05,0.029888552,0.64780617,0.030643383,0.49265096,0.04801001,0.01761234,0.49796352,0.966861,0.00037610077,0.999366
IL_1976391,0.2818694,0.10056794,0.58393884,0.9992066,6.201967e-05,3.1313753e-05,0.460658,0.9998926,0.98623276,0.0006028486,0.00046874772
IL_2021485,0.9921136,0.9464579,0.00062774395,0.9495356,0.09419434,0.046669576,0.089894794,0.060569517,0.0070901187,0.9992305,0.0030485073
IL_2031231,0.9193501,0.9880229,0.005257594,0.95449317,0.53733003,0.027176708,0.3524656,0.06947248,0.075669914,0.9748274,0.022454718
IL_2042306,0.00087096513,0.26253378,0.21665375,0.95640904,0.003802393,0.0025999683,0.7734784,0.99451584,0.99948055,1.0558009e-05,0.0026227178
IL_2057670,0.97260743,0.9605348,0.0016270967,0.9776624,0.058476627,0.0007076446,0.1294059,0.032472774,0.0042935195,0.9999175,0.03173247
IL_2058271,0.13162024,0.2794264,0.7498788,0.8107292,0.07965169,0.037830215,0.3955156,0.9507488,0.974019,0.0014983168,0.024174107
IL_2068901,0.8764149,0.55646425,0.41560516,0.97402996,0.032224253,0.048148867,0.6756083,0.95280874,0.7645732,0.05103829,0.005584709
IL_2076993,0.9995073,0.9977076,7.7636214e-05,0.9969247,0.037274934,0.009541195,0.051475555,0.018278182,0.0026202092,0.9998677,0.0001543385
IL_2078226,0.09367014,0.28159538,0.45758542,0.7423776,0.02682075,0.0041450406,0.1160077,0.7261587,0.31081343,0.5993955,0.713471
IL_2081710,7.457116e-05,0.035399072,0.8232929,0.94771343,7.9059144e-05,0.00024662592,0.14374185,0.99945325,0.9999685,2.4380375e-07,0.0032258204
IL_2085556,0.99946386,0.98071724,0.0014024869,0.9964259,0.016989147,0.011364612,0.055365145,0.17689982,0.01076172,0.9981812,0.0005087415
IL_2090864,0.999841,0.9913155,0.0030845175,0.9996861,0.0057639615,0.002263819,0.13133122,0.7051662,0.039076786,0.9556412,4.94532e-05
IL_2144290,2.517608e-05,0.009523173,0.24643011,0.94771516,0.00022824125,0.00015699028,0.191149,0.9998616,0.99998987,1.01052464e-07,0.0010978982
IL_2157015,0.99970657,0.99417686,0.0009529523,0.997474,0.019890137,0.03698477,0.064652786,0.24831918,0.019916741,0.9839167,5.999379e-05
IL_2190574,0.14533733,0.99804616,0.10087025,0.7771268,0.36842635,0.3686372,0.1957637,0.009680671,0.047630563,0.27325463,0.092891596
IL_2207792,8.445689e-05,0.011485909,0.18554908,0.35884678,0.1074438,0.006985216,0.06301186,0.99254453,0.99938023,8.977338e-06,0.19508605
IL_2254004,0.9936621,0.95104295,0.047944266,0.99361116,0.051946923,0.012293652,0.23202598,0.6419996,0.12235136,0.8902829,0.0073772133
IL_2274232,0.9967032,0.9778455,0.064801,0.9961482,0.017102093,0.028269136,0.22062038,0.5698478,0.11079103,0.80749387,0.0009554947
IL_2283965,0.9977381,0.99174327,1.5953423e-05,0.9925867,0.042154737,0.0003597555,0.047246978,0.005196857,0.000520464,0.99999833,0.00079580426
IL_2330498,0.9938269,0.86097556,0.002064398,0.99407506,0.015529558,0.0014846454,0.22291788,0.30479363,0.016556012,0.9995777,0.0020578415
IL_2354191,0.121725306,0.36570817,0.25850987,0.94619304,0.028948527,0.017961012,0.82390517,0.9688701,0.9689146,0.005590251,0.008785439
IL_2424578,1.8997303e-08,0.0021826238,0.48679182,0.44490123,0.0007015333,0.0001147495,0.018219458,0.99978703,0.9999999,4.5834045e-11,0.020729799
IL_2440740,4.1398314e-07,0.0009555785,0.0982915,0.5060894,0.0076760845,0.00029349845,0.027858658,0.99981207,0.9999982,1.8192774e-09,0.008140633
IL_2451306,0.036710612,0.28287515,0.2405042,0.12790675,0.98846126,0.6225348,0.10861955,0.31184843,0.6569102,0.013321793,0.40156448
IL_2508459,0.29235634,0.24040727,0.6772522,0.9971102,0.00023375641,0.00038025793,0.60964805,0.9989612,0.9837593,0.0011928708,0.00061266497
IL_2512501,0.99846435,0.9826529,0.011262993,0.9955923,0.031966507,0.030016167,0.11988313,0.33774164,0.077603936,0.940502,0.0005150101
IL_2520283,0.9900031,0.9878275,0.0015994454,0.98453647,0.11534598,0.009710425,0.17509362,0.03596738,0.013751954,0.9992207,0.005036436
IL_2532113,0.69356537,0.9895313,0.119265385,0.9127992,0.4146376,0.28387004,0.45500082,0.13477336,0.14469504,0.50021434,0.02910232
IL_2541202,0.08390165,0.48990345,0.23520362,0.8685226,0.07333189,0.035191268,0.57712084,0.81189376,0.91617537,0.044870626,0.08587129
IL_2542731,0.012275269,0.57005656,0.3044272,0.97833705,0.0036546947,0.0021004067,0.7327717,0.98248047,0.9964296,0.0004748975,0.009002246
IL_2564178,0.9850675,0.9885683,0.0005687301,0.97386926,0.3151696,0.012660645,0.18033658,0.026518986,0.022107434,0.9987602,0.004617501
IL_2579528,0.99385804,0.4604894,0.23389947,0.9989812,0.00085839455,0.0046395157,0.4420735,0.9961593,0.77511996,0.022743834,3.754847e-05
IL_2580737,0.8357402,0.98564166,0.051755853,0.9554618,0.5351002,0.053143844,0.444101,0.23314522,0.22597374,0.6977923,0.044723153
IL_2620364,0.96409655,0.44994354,0.20416367,0.90324014,0.028658422,0.79141223,0.37764823,0.83663744,0.22611998,0.11081368,0.0003298595
IL_2631882,0.9724796,0.966247,0.06372702,0.9941748,0.076726824,0.0057654725,0.61517775,0.7211084,0.3088994,0.5633998,0.005316528
IL_2632245,0.8826625,0.7299795,0.00026590406,0.89880395,0.69307315,0.0012281828,0.057507508,0.08012216,0.033563048,0.99818414,0.0340914
IL_2667257,0.6494745,0.97893584,0.1005233,0.89387375,0.5905883,0.11555998,0.445498,0.14778554,0.19401179,0.5920701,0.096842416
IL_2673683,0.9978241,0.99019253,0.005888503,0.99165666,0.06483973,0.082698464,0.11384462,0.19816485,0.049825933,0.94312274,0.0004936116
IL_2695389,0.72712404,0.9993987,0.06262215,0.9727456,0.46422845,0.2845677,0.2795905,0.045341805,0.051542547,0.23753217,0.0044933474
IL_2697064,0.9940592,0.94543093,0.004309058,0.99611366,0.038780343,0.0016458647,0.25369635,0.34752226,0.043899734,0.99613166,0.0037907625
IL_2701771,0.27502277,0.9789315,0.3536041,0.46135366,0.25406516,0.98499185,0.06261293,0.02395927,0.06886519,0.16193669,0.014894185
IL_2713699,0.9867186,0.98628783,0.042648524,0.9851858,0.08069336,0.0747499,0.38827372,0.24782462,0.07030826,0.90484715,0.0036806907
IL_2726821,0.97984284,0.9845969,0.074444234,0.9899192,0.1680808,0.03238729,0.50486606,0.50034314,0.2669185,0.4961525,0.0043846155
IL_2729600,0.99965155,0.9689576,0.0074271946,0.99937767,0.005602806,0.0027059845,0.08208406,0.7117103,0.05680365,0.96468675,0.000219179
IL_2741580,0.9898762,0.9905495,0.007840191,0.98527133,0.16529182,0.0353531,0.2454026,0.11214616,0.05883351,0.9720847,0.004230151
IL_2778741,0.98124564,0.938752,0.027895227,0.8948211,0.03475108,0.92443204,0.067490086,0.19089475,0.019979045,0.87051415,0.0006325675
IL_2784674,0.99862957,0.9909025,2.3412007e-05,0.9952815,0.04309491,0.0005138801,0.06125584,0.012355328,0.00073779584,0.9999964,0.0006569401
IL_2788623,0.5874298,0.78626585,0.5003858,0.60523367,0.18657708,0.84006697,0.3508785,0.27921736,0.17457052,0.339148,0.04764582
IL_2824067,0.13271834,0.74858904,0.3080257,0.51184076,0.8511312,0.41255063,0.38460615,0.5217559,0.7720354,0.016954334,0.12642828
IL_2840498,0.22389238,0.09981797,0.039498642,0.31788886,0.9447601,0.17484441,0.20006429,0.81340605,0.45915672,0.106233634,0.04775793
IL_2844654,0.01644233,0.09088645,0.28314212,0.9245949,0.020539666,0.011703543,0.8110046,0.99351877,0.9956767,0.00031799954,0.0029768562
IL_2849392,0.92481995,0.78374743,0.1600385,0.8722781,0.11374991,0.24302317,0.32475713,0.52023166,0.059009284,0.8661151,0.055590473
IL_2851462,0.9821708,0.9696286,0.028042857,0.9850979,0.06641303,0.024294944,0.4285975,0.28361714,0.057266038,0.9754564,0.0046952316
IL_2921273,0.9448101,0.28964096,0.14987877,0.9724113,0.038033713,0.056129284,0.53532887,0.9671044,0.6609955,0.08530568,0.0019238375
IL_2936438,0.7788539,0.9822534,0.052691642,0.9838072,0.19315952,0.0080577675,0.588078,0.48113236,0.5126295,0.40520707,0.024462791
IL_2947403,0.7755535,0.61176586,0.24239841,0.8113461,0.3731651,0.26690164,0.31922695,0.54964143,0.59481025,0.18936783,0.035058517
IL_2978149,9.9173536e-05,0.0041960706,0.1530059,0.9386036,0.0021495332,0.00041643015,0.4264586,0.9998802,0.99995816,4.1862467e-07,0.00055535923
IL_2996774,0.99898034,0.992249,0.0007259453,0.99575365,0.08528688,0.0045576734,0.10069246,0.1418008,0.012521958,0.99642676,0.0008911751
IL_3007459,0.9928068,0.95469934,0.05526384,0.9935115,0.02752916,0.011913933,0.2528302,0.42856756,0.06322562,0.9624046,0.0037386261
IL_3061357,0.9812011,0.9667028,0.08318088,0.9721326,0.07109094,0.123849355,0.339771,0.37207448,0.073535755,0.8667173,0.007152988
IL_3076877,0.9530626,0.9826863,0.014669567,0.94393396,0.19009803,0.10716109,0.23703367,0.05881791,0.05147156,0.97811735,0.016002899
IL_3084993,0.92455053,0.93952805,0.13116151,0.90181273,0.07585083,0.67254907,0.43718755,0.2717967,0.13375704,0.6400242,0.006158191
IL_3109240,0.17991585,0.8544778,0.19625872,0.67453116,0.39896917,0.17044379,0.50861186,0.27513206,0.52386147,0.44217816,0.35593954
IL_3124812,0.92657197,0.94573385,0.085913375,0.9338601,0.4004813,0.14307855,0.4125811,0.41489387,0.1781181,0.65096426,0.028783133
IL_3127619,0.9958242,0.9935035,0.032245234,0.9932979,0.04727373,0.096889056,0.2320988,0.31854084,0.050028503,0.8380234,0.00073110784
IL_3149454,0.8952009,0.9911876,0.027073242,0.95040345,0.6305071,0.12746756,0.28354096,0.11414762,0.14753042,0.6597225,0.013406811
IL_3153787,0.010484915,0.13293736,0.10452936,0.90266776,0.025735913,0.012880251,0.5595396,0.9873746,0.9930698,0.0004794268,0.017210873
IL_3156984,0.006618414,0.07582726,0.1119083,0.96674514,0.011576167,0.0015287917,0.73133504,0.99888223,0.99912065,3.3865712e-05,0.0013769784
IL_3200972,0.0011323041,0.24661349,0.995112,0.74032426,0.00012359724,0.006689032,0.18683358,0.9788632,0.99968386,1.6695582e-06,0.0110649895
IL_3206011,4.001085e-05,0.08205944,0.031133307,0.84861994,0.01653041,0.00061799114,0.29848313,0.99448544,0.9997496,6.897253e-06,0.054952677
IL_3245297,0.99519366,0.9655437,5.934033e-06,0.9720139,0.12524664,0.00030026748,0.027174432,0.0056215366,0.00025024806,0.99999833,0.0023396893
IL_3275405,0.97613156,0.8606815,0.010089583,0.9857502,0.072196625,0.0064202016,0.2596242,0.4115001,0.13226648,0.9771633,0.010058178
IL_3278464,0.99972993,0.98695856,5.9387457e-05,0.9960885,0.017856164,0.006023587,0.034444105,0.041310307,0.0013477395,0.99995804,0.00017130656
IL_3286203,0.99388665,0.90756905,0.00035742662,0.9629774,0.15677151,0.0036594342,0.05275203,0.07008999,0.0042699063,0.99968076,0.012824407
IL_3304841,0.98348224,0.95838755,0.00026782756,0.9787169,0.07264263,0.0005858626,0.12559357,0.028372519,0.0019593544,0.99998605,0.010123724
IL_3328321,0.9966354,0.985394,1.40181955e-05,0.9921968,0.050664112,0.00010365218,0.05522599,0.006196903,0.00038656298,0.9999993,0.0018378095
IL_3355205,0.97546345,0.8705148,0.00508719,0.9923959,0.024769964,0.0011966474,0.4460746,0.3094901,0.024886899,0.99936813,0.0065582227
IL_3383918,0.7744351,0.81766087,0.015782539,0.89457816,0.20668192,0.0050771767,0.22847585,0.18620284,0.031922925,0.99645233,0.20645596
IL_3405674,0.99903584,0.9892196,0.00025215308,0.9936976,0.038104847,0.009495696,0.06826692,0.050642606,0.002648952,0.9997578,0.0005805727
IL_3416109,0.9576104,0.8095562,0.018480593,0.99974865,0.00032301032,3.9274997e-05,0.3163584,0.972822,0.63640285,0.488293,0.00022668473
IL_3417042,0.9981975,0.95691526,0.01539812,0.9964413,0.013379699,0.021965984,0.17695345,0.52646273,0.07105028,0.9408765,0.00053548877
IL_3475314,0.99987435,0.995262,0.0026392255,0.99992085,0.0023131114,0.00024724324,0.11283854,0.62677914,0.027598422,0.989033,3.813277e-05
IL_3502631,0.9606512,0.98923165,0.010233459,0.97244734,0.19207275,0.029061345,0.34790063,0.07430341,0.03497836,0.98669773,0.00993639
IL_3512099,0.62540066,0.99983144,0.12082574,0.98158735,0.18154651,0.3699719,0.25501657,0.024439007,0.03419195,0.12924421,0.0024587603
IL_3516247,0.98050344,0.99894136,0.0155889,0.9926825,0.15784514,0.078822844,0.3566722,0.09069215,0.031102581,0.89343333,0.0011731002
IL_3525336,0.0003687383,0.16790587,0.0366691,0.7866893,0.10916482,0.0036778518,0.48560742,0.9902202,0.9992072,1.1137264e-05,0.009670609
IL_3584159,0.989234,0.5688261,0.09610013,0.9868553,0.013837004,0.10751202,0.54452825,0.9306097,0.2830917,0.26364025,0.00034139282
IL_3592184,0.89513123,0.9763554,0.003770275,0.9013054,0.21251431,0.063949704,0.27476346,0.022167617,0.025270889,0.99839634,0.016921932
IL_3662013,0.9868314,0.95840716,0.0021216401,0.98130167,0.22977749,0.01382167,0.37826174,0.2005179,0.06982316,0.9909956,0.003963371
IL_3682737,1.6247617e-06,0.0072327293,0.20905976,0.95157593,9.546416e-05,5.563495e-05,0.18037699,0.99994624,0.9999989,2.8865104e-09,0.00065897376
IL_3708176,0.99953794,0.99677974,3.2599608e-05,0.99055535,0.017610814,0.06485465,0.024676934,0.008637001,0.000857066,0.99992394,5.6747613e-05
IL_3731984,0.76113784,0.8063653,0.2894266,0.96912575,0.04676936,0.022133045,0.48189604,0.8229511,0.54521453,0.27792978,0.04759471
IL_3743750,0.9993697,0.9942378,0.017784454,0.9994324,0.01113202,0.002753004,0.23783171,0.6905728,0.044855654,0.9092829,0.00025726116
IL_3769258,0.9999689,0.9949838,0.00022211458,0.9993123,0.002659412,0.01634196,0.017512938,0.21014145,0.0043779444,0.9986539,9.7949e-06
IL_3770691,0.008017415,0.10126335,0.023955941,0.1497907,0.9520769,0.009698263,0.058511805,0.3114999,0.11312029,0.5021552,0.97997737
IL_3795536,0.9997229,0.99090576,0.0006109949,0.9987186,0.015285807,0.0025846458,0.082464136,0.21003826,0.006712247,0.998792,0.00017543852
IL_3825170,0.9140251,0.99645555,0.035291847,0.98743975,0.30040273,0.03598332,0.5402607,0.2744669,0.1565663,0.5792923,0.006589828
IL_3849919,0.6010152,0.97981775,0.13863288,0.90057486,0.49625012,0.1901506,0.5139746,0.24859212,0.30097568,0.30173495,0.052685395
IL_3863962,0.99464107,0.967162,0.0021684503,0.9732098,0.043596257,0.05171277,0.09813016,0.067116015,0.009628054,0.99861026,0.0024427674
IL_3890738,0.99496055,0.9927799,0.0032505612,0.9715828,0.012087982,0.13707827,0.07047832,0.018782128,0.002870513,0.99859935,0.0007261445
IL_3916806,0.9942227,0.98880017,0.0006701461,0.98557407,0.09493058,0.012597155,0.101825856,0.029640933,0.01054595,0.99948174,0.0030019388
IL_3918658,0.9460634,0.9805399,0.0018475269,0.9300933,0.33468702,0.023750402,0.16551267,0.022985315,0.023628455,0.996834,0.0149835395
IL_3925046,0.9930588,0.97776324,7.675535e-05,0.98423266,0.07524762,0.00043560335,0.06539669,0.011717319,0.0010822038,0.9999912,0.0053257197
IL_3944678,0.99172443,0.81617004,0.31626987,0.9962204,0.00384611,0.040585298,0.5150184,0.954637,0.41482773,0.10384774,0.00034036912
IL_3989231,0.12103776,0.25630134,0.42539787,0.99666494,0.00023966562,0.0003570011,0.5110611,0.99809617,0.9929733,0.0007832205,0.0007467356
IL_4014940,0.8444688,0.993972,0.015013295,0.9526871,0.68218976,0.08560128,0.32250953,0.08123868,0.09552534,0.8353945,0.020077834
IL_4030473,0.9851462,0.9986987,0.0052725407,0.9905793,0.14553887,0.059167847,0.21951814,0.036342397,0.021228509,0.97534376,0.001380431
IL_4032940,0.96984565,0.97603387,0.0061903256,0.9783166,0.22814208,0.013139654,0.32834107,0.08252663,0.060556512,0.9955324,0.014522198
IL_4048093,0.9994086,0.99382555,0.00031320378,0.9969977,0.03123272,0.0039376956,0.060701765,0.04369599,0.0027159692,0.9997991,0.00047465382
IL_4102420,0.87834203,0.8977325,0.022270601,0.7271231,0.24419878,0.66581166,0.2573364,0.09951028,0.12264101,0.9398197,0.01820311
IL_4113222,0.99019253,0.95216715,0.018878879,0.9999598,0.00013091514,1.2915622e-05,0.34552485,0.98260236,0.68485534,0.24107529,2.3219318e-05
IL_4121028,0.79588795,0.9400722,0.02352388,0.9936982,0.04065509,0.0017296876,0.6061849,0.7345077,0.63099086,0.5034554,0.0061853146
IL_4137970,0.95649266,0.9512277,0.013341325,0.9991722,0.004588914,0.00012192263,0.42668286,0.73382086,0.36056337,0.86143476,0.0010500302
IL_4183780,0.38007224,0.9939546,0.4752579,0.66303265,0.22945501,0.9778966,0.051527224,0.020208037,0.0458118,0.050711002,0.004906111
IL_4205103,0.7110413,0.9939659,0.016382335,0.9083731,0.50623006,0.13088176,0.35024872,0.021415714,0.050924752,0.94090676,0.02424879
IL_4212360,0.99473155,0.9248588,0.051564086,0.99040717,0.035696443,0.05298646,0.2475787,0.68244994,0.14416213,0.71949756,0.001480346
IL_4217178,0.7889118,0.95847964,0.111434974,0.96311927,0.3321476,0.0101625025,0.5291465,0.49812043,0.3340653,0.6583284,0.11896016
IL_4273134,0.96332246,0.9283668,0.0031736617,0.93834317,0.25462422,0.010921667,0.160372,0.084497936,0.020608522,0.9975056,0.034187
IL_4304678,0.9949576,0.9869261,0.0003271152,0.9837759,0.084294066,0.005817574,0.080024794,0.020539474,0.0044569764,0.9998241,0.0028806562
IL_4365221,0.7081345,0.9947929,0.032391526,0.9392954,0.6149785,0.11222277,0.4372026,0.06043461,0.12048014,0.7103336,0.02340789
IL_4377002,0.9991596,0.94730836,0.0023625023,0.9905748,0.012876106,0.034079943,0.039522782,0.20855153,0.008364016,0.99804866,0.00065064384
IL_4378654,0.5867874,0.96661836,0.13998456,0.86998045,0.50125974,0.17120568,0.56739753,0.21452384,0.31758168,0.47369564,0.085465886
IL_4383984,0.8979777,0.99347115,0.13869362,0.96468484,0.2738827,0.23795204,0.38122198,0.14852865,0.09168331,0.52086055,0.0068112663
IL_4392618,0.9889187,0.99231154,0.00085313065,0.97500813,0.20730716,0.024026189,0.113519944,0.021921381,0.017159693,0.9973224,0.0039646532
IL_4393410,0.88819,0.9968503,0.053814728,0.93093014,0.13155249,0.851415,0.19645025,0.033074234,0.031860936,0.7706648,0.0016734254
IL_4404293,0.9563236,0.93319494,0.0088337585,0.9540229,0.17001447,0.02044437,0.28932297,0.092575304,0.04649092,0.99737084,0.022356749
IL_4407167,0.9954326,0.97961307,7.268419e-05,0.98665744,0.09703129,0.0007912212,0.07481886,0.016564801,0.0015806638,0.99998116,0.0040594186
IL_4418818,0.5225563,0.9802849,0.020326272,0.85343707,0.71504366,0.033900976,0.30350313,0.06128398,0.09305487,0.8697714,0.24328446
IL_4429583,0.57362324,0.42278564,0.16913545,0.9964902,0.0019152134,0.00049267354,0.57990927,0.99577314,0.91436285,0.02062871,0.0016537578
IL_4447995,0.1410158,0.5460336,0.22382785,0.8668946,0.1403874,0.03811214,0.63258994,0.86273164,0.95682967,0.010082278,0.02629868
IL_4474915,0.99054307,0.98357207,0.00010521555,0.98455,0.13348123,0.0010473117,0.12208374,0.017568676,0.0025162103,0.9999751,0.003956061
IL_4556052,0.9710433,0.9868031,9.831742e-05,0.97782564,0.12544711,0.0003342123,0.1280421,0.006958621,0.0014185099,0.9999937,0.011608234
IL_4629710,0.73506427,0.99270403,0.14430231,0.95925653,0.29206055,0.27042094,0.64381784,0.20467108,0.21516578,0.18773101,0.006211922
IL_4631015,0.9849054,0.8788043,0.13725671,0.9992781,0.0015679381,0.0007593655,0.3304726,0.97948337,0.76809835,0.060700387,0.00022074817
IL_4632594,3.4887646e-05,0.023360314,0.20707643,0.7259994,0.008386491,0.0014441443,0.14611518,0.9976399,0.9999062,1.3041108e-06,0.043487687
IL_4640947,0.9820862,0.9900684,0.0034916038,0.96722656,0.11233334,0.09815008,0.162987,0.032283265,0.023427453,0.9956181,0.0034889192
IL_4652828,0.76460123,0.9809068,0.06354903,0.90901375,0.53854716,0.13009888,0.35289958,0.104797885,0.14200988,0.73530734,0.048442487
IL_4673376,0.0002591728,0.031831395,0.18511333,0.721053,0.02430414,0.0030510533,0.1808544,0.9967243,0.99967957,8.920841e-06,0.021614853
IL_4698973,0.72613513,0.99711907,0.021516372,0.962065,0.4870449,0.023118785,0.33971888,0.048929248,0.05569006,0.86446506,0.044002432
IL_4703518,0.58741355,0.999811,0.051127583,0.9824066,0.46138477,0.15369926,0.28635582,0.035869878,0.061744805,0.12388656,0.004460314
IL_4708155,0.03517983,0.75029355,0.70673275,0.9499813,0.0077252453,0.009207408,0.7492747,0.9417263,0.9851864,0.0016980496,0.032050304
IL_4733323,0.9922576,0.9779629,0.00016843274,0.9797568,0.12973621,0.0028542518,0.10655536,0.023317344,0.0036728648,0.99994123,0.0034244123
IL_4738780,0.81891626,0.9965587,0.041560236,0.9185337,0.19370319,0.66280633,0.1294913,0.034565426,0.020878058,0.7826467,0.005134106
IL_4747648,0.76694864,0.9888622,0.058603153,0.88284993,0.24702048,0.54398686,0.28423885,0.05654806,0.05867584,0.8222278,0.017771332
IL_4761308,0.9963995,0.9830736,0.0031429406,0.9952342,0.08146149,0.006941317,0.29406562,0.23471276,0.06296232,0.99055064,0.0016085115
IL_4787245,0.98730415,0.97109014,0.00016847516,0.97671163,0.08443938,0.00050465117,0.06834936,0.0109113455,0.0015364139,0.9999839,0.012951993
IL_4796202,0.9892986,0.9990715,0.0097581735,0.990123,0.099879324,0.4006744,0.13980795,0.04855822,0.027088687,0.87504023,0.00032915958
IL_4805993,0.45226678,0.9985196,0.22808066,0.9445879,0.4879158,0.31837705,0.36691836,0.060860775,0.11440125,0.066187866,0.018150982
IL_4840188,0.6434521,0.9976192,0.024040079,0.9568502,0.5722964,0.054661408,0.4759173,0.05331643,0.09897598,0.76053375,0.025318911
IL_4848599,0.8779863,0.99891055,0.015116793,0.9750275,0.48030415,0.10375364,0.24035873,0.02508746,0.025546702,0.8525143,0.0053450735
IL_4848977,0.9767667,0.99789184,0.028025614,0.98335487,0.11491732,0.4041255,0.18079074,0.055250388,0.02940061,0.872467,0.0011510481
IL_4907451,0.9984236,0.98988616,0.0002847258,0.99509925,0.035226114,0.0024331259,0.08741653,0.03213416,0.003348265,0.99992776,0.00090862386
IL_4912944,0.989944,0.9556311,6.433825e-05,0.97957283,0.14989841,0.00029407907,0.09576365,0.017776553,0.0015794641,0.99999166,0.007300642
IL_4926820,0.007827634,0.13162735,0.26447478,0.9503894,0.0047611366,0.0051208595,0.677598,0.9940322,0.99721307,0.0002695082,0.005610337
IL_4928787,0.7307245,0.9960974,0.04015342,0.9443838,0.5692517,0.088966176,0.2928916,0.064764,0.063098505,0.67357945,0.029918198
IL_4936385,0.99969196,0.9817624,0.0070216265,0.99949944,0.0050011096,0.003827735,0.11785034,0.76183665,0.06957033,0.9028474,6.7052206e-05
IL_4942231,0.9975401,0.95350784,0.0066780313,0.9975259,0.016088858,0.0033535634,0.17999011,0.38991418,0.070161365,0.98969287,0.0007171514
IL_4953244,0.764737,0.9847297,0.005709068,0.879557,0.39065143,0.0663251,0.28871137,0.015695594,0.040753223,0.99546486,0.027313527
IL_4955020,0.9997938,0.9727374,0.00018663835,0.9930449,0.010650898,0.044463918,0.018009812,0.10987859,0.0026238407,0.99949324,8.279775e-05
IL_4964046,0.99935776,0.9804345,0.0001994994,0.99719644,0.02483119,0.0008142802,0.07106232,0.08873088,0.0012503822,0.99996793,0.0010416827
IL_4983934,0.9969892,0.99138063,0.00045438652,0.9911675,0.032738272,0.008454401,0.09134029,0.022355719,0.004140522,0.99989176,0.00097454735
IL_4994761,0.61016816,0.5238373,0.36852786,0.96279496,0.02172929,0.015313048,0.6364665,0.9081867,0.7629287,0.14468192,0.013899091
IL_5016487,0.9680167,0.7968893,0.029968897,0.99448365,0.0063916664,0.00073846016,0.14745197,0.5900197,0.0659289,0.9915168,0.010151376
IL_5018680,0.81988776,0.840066,0.020705188,0.90876216,0.19731414,0.007647608,0.29869843,0.12818412,0.06435585,0.9949007,0.1905818
IL_5117306,0.6974882,0.99895954,0.08904342,0.9786139,0.4008136,0.10517741,0.43257514,0.0898421,0.10351151,0.26864317,0.011626702
IL_5136565,0.998779,0.97510713,2.0292831e-05,0.99614114,0.029357752,0.0001157627,0.07653744,0.02736729,0.0004405418,0.9999989,0.0008783813
IL_5150961,0.99342406,0.9918258,9.226464e-05,0.9849089,0.076759934,0.0030986127,0.09823143,0.009509011,0.0018290014,0.9999757,0.0014350183
IL_5152620,0.46938,0.5547033,0.05243351,0.9041158,0.20236827,0.013139962,0.27833083,0.58697623,0.38010928,0.8214428,0.17499836
IL_5171099,0.5367656,0.99929976,0.012178514,0.9479631,0.48397958,0.047197968,0.23716123,0.017888036,0.026059508,0.76411164,0.024537412
IL_5172506,0.19480506,0.6126667,0.2941933,0.94640136,0.03973091,0.015539622,0.73881596,0.9271213,0.9283561,0.023919493,0.02772063
IL_5188190,0.6243535,0.74619025,0.2411915,0.68598026,0.4571147,0.30802202,0.47312734,0.26249224,0.36777046,0.7428997,0.22981073
IL_5192693,0.78418905,0.8208634,0.009009399,0.97615254,0.08293633,0.0011498684,0.2682042,0.2364775,0.11599705,0.9971161,0.057411984
IL_5195971,0.8996336,0.9943897,0.075574346,0.9470473,0.20221168,0.51722944,0.29156324,0.084070094,0.06743325,0.6628309,0.004200193
IL_5199215,0.0023613865,0.001713974,0.5283426,0.98383486,0.0006131864,7.56802e-05,0.35138333,0.99998105,0.9992017,2.7759238e-06,0.0002648379
IL_5202722,0.99939597,0.9636107,0.014200107,0.99968183,0.0027735494,0.0006183196,0.12471283,0.9109266,0.09094725,0.88994867,0.00022788919
IL_5227274,0.97951573,0.9955968,0.01165995,0.9987709,0.05039984,0.0007115418,0.68708587,0.46271417,0.27168483,0.795918,0.000669614
IL_5227787,0.98790735,0.9899498,0.002718621,0.9788174,0.14632894,0.03320815,0.15524934,0.0409563,0.021989277,0.9963104,0.004732383
IL_5242598,0.9925021,0.83169687,0.008938077,0.92468315,0.06174798,0.46092376,0.10896308,0.41881415,0.023146303,0.95225275,0.0010858363
IL_5308378,0.16762604,0.7815017,0.56953466,0.988555,0.0036311082,0.0015538209,0.7718249,0.9617234,0.9609514,0.0077255596,0.008472379
IL_5330356,0.9970636,0.9897597,0.056814734,0.9987054,0.018438453,0.005336904,0.44404134,0.6493398,0.14715715,0.68119043,0.0004698672
IL_5334240,0.00014000818,0.06613638,0.771714,0.010825824,0.9935514,0.6824127,0.008165106,0.16723122,0.87091464,0.00012043,0.97998327
IL_5360549,0.9988544,0.9426843,0.008068385,0.9944296,0.009615536,0.035352226,0.10046511,0.4472407,0.020383155,0.98895746,0.000530872
IL_5383665,0.9998373,0.99309,0.002221362,0.99935883,0.00913941,0.0049848068,0.07317458,0.45086944,0.026074918,0.9808492,6.4827e-05
IL_5417792,4.3288022e-05,0.079969995,0.3075949,0.37577248,0.018733729,0.0048587727,0.055325545,0.9404986,0.99792874,0.00014171413,0.8753434
IL_5419157,0.93999684,0.709486,0.3014691,0.9919701,0.008491115,0.009263373,0.61733794,0.9460862,0.36942977,0.3377663,0.0051607
IL_5461503,0.99630827,0.99819475,0.001110868,0.9970305,0.15041098,0.002089142,0.24184917,0.031165479,0.01720339,0.9986525,0.0010668081
IL_5484022,0.9778087,0.94712764,0.016757986,0.93316734,0.11713575,0.2201125,0.18665713,0.14308806,0.04794479,0.968876,0.008537887
IL_5489843,0.49056578,0.99834716,0.03232105,0.93740505,0.44777057,0.10117189,0.30316544,0.029625602,0.062127218,0.59986657,0.038261767
IL_5493219,0.9998282,0.9899816,6.3796383e-06,0.9957663,0.017881654,0.0018002893,0.015162603,0.012386129,0.00036964653,0.9999949,9.5624506e-05
IL_5512024,0.8192252,0.9148837,0.023842346,0.911228,0.46053267,0.018862732,0.37995893,0.12599331,0.19492304,0.9616075,0.093846194
IL_5545711,0.73134774,0.7286202,0.41751808,0.99787986,0.0010210206,0.00042830373,0.6150351,0.9891237,0.9177892,0.014536044,0.0007141774
IL_5552679,0.9798299,0.97131395,5.8547084e-05,0.9694146,0.2153511,0.00031699368,0.09818922,0.009911293,0.0011715529,0.99998915,0.01702494
IL_5562172,0.89714575,0.9959596,0.0092058685,0.9699851,0.35263166,0.019237444,0.35073116,0.029559404,0.04606737,0.97378993,0.014101272
IL_5584877,0.99821043,0.891426,0.011290001,0.9730162,0.013742417,0.42782938,0.048502024,0.48556313,0.020468535,0.9556208,0.00027208196
IL_5603161,0.9711618,0.9742914,0.04213867,0.999408,0.004458182,0.0001686764,0.5386509,0.85228586,0.5027337,0.4663118,0.00043388474
IL_5609972,0.988862,0.91427624,0.10886626,0.9940692,0.018690415,0.03051633,0.58794653,0.80407804,0.16082199,0.59190315,0.0011394211
IL_5632066,3.2382266e-07,0.09582346,0.26388055,0.04133877,0.18669891,0.0006990956,0.007878335,0.35539776,0.97026217,0.00032363264,0.9999981
IL_5671982,0.99659747,0.9905494,0.016131949,0.9950216,0.046091534,0.016679972,0.2254392,0.24382809,0.05078084,0.96615577,0.0018083071
IL_5695938,0.77628464,0.9078986,0.11358118,0.79821086,0.3553292,0.55239254,0.4442042,0.23936522,0.18311584,0.67662585,0.0375824
IL_5698172,0.9637087,0.8825887,0.094548054,0.96671313,0.12589578,0.09633572,0.42720592,0.6166872,0.27177,0.60501856,0.013206176
IL_5712655,0.99450785,0.99349517,0.005934677,0.99416554,0.11519474,0.014031247,0.29238015,0.12701192,0.07473009,0.9771402,0.0018376486
IL_5746899,0.9868825,0.9752862,0.0003803335,0.98262113,0.079532064,0.0021925787,0.17019777,0.026719185,0.0042121904,0.9999616,0.0039263763
IL_5770284,4.738931e-05,0.037437037,0.202012,0.958792,0.00030748732,0.00035494287,0.28390306,0.99947864,0.9999784,1.498969e-07,0.0015246347
IL_5841112,0.000102308535,0.016410675,0.22068483,0.92625296,0.0022588177,0.000672498,0.33936492,0.99963856,0.99997437,7.937843e-08,0.00049070583
IL_5873278,0.8598259,0.99612063,0.043454427,0.9587538,0.422499,0.19501457,0.26971415,0.090604454,0.052637905,0.69644636,0.008819358
IL_5886154,0.99996674,0.97377217,0.0013679562,0.9994671,0.0013131377,0.036073755,0.036706474,0.6967099,0.043511745,0.9329962,1.8986963e-06
IL_5891440,0.9977996,0.9585682,0.0026350077,0.99364305,0.05017091,0.0045190374,0.11469404,0.2570508,0.013917298,0.9977441,0.002784666
IL_5907718,0.9983039,0.9867857,0.00059884915,0.9972345,0.03305534,0.00075120793,0.12708566,0.065008834,0.004266571,0.9999362,0.002240092
IL_5913331,0.9001817,0.9779764,0.018127924,0.6207561,0.42343372,0.99306124,0.019112067,0.034837637,0.018390229,0.46594867,0.0002468574
IL_5917748,0.97560096,0.9882912,0.078584835,0.9934558,0.08722672,0.011469002,0.50934595,0.34774253,0.2039503,0.7886523,0.0048802877
IL_5924119,0.0008796104,0.017524567,0.13440773,0.96370536,0.0026032324,0.0010044633,0.5833561,0.9996196,0.9998753,1.6992689e-06,0.0003161869
IL_5926691,4.4801312e-05,0.041880764,0.042153765,0.7145126,0.07373715,0.0022550472,0.35917538,0.99741226,0.99986005,9.601234e-07,0.011008611
IL_5932158,0.919459,0.84141535,0.0074974587,0.856095,0.19589652,0.054780345,0.2191307,0.10674921,0.03211547,0.9971951,0.027892752
IL_5978307,9.142376e-06,0.009753341,0.22097759,0.8460587,0.0011601726,0.0003901335,0.12875584,0.9996216,0.99999106,3.545638e-08,0.0028007792
IL_6000978,0.9735274,0.9725355,0.012158339,0.97912884,0.19345662,0.010665817,0.3286575,0.112819254,0.04334627,0.99407685,0.016760994
IL_6012528,0.98716414,0.9565747,0.0013751999,0.967837,0.11682941,0.009710885,0.12797321,0.046335,0.011848994,0.9994999,0.007608195
IL_6031916,0.41158873,0.9561401,0.5642384,0.30669108,0.061856993,0.9964657,0.029392084,0.018729053,0.05885144,0.13450785,0.0031800373
IL_6046824,0.8034929,0.97898316,0.0601736,0.91080993,0.36459205,0.16194247,0.48622215,0.09405503,0.123991236,0.8727277,0.028814575
IL_6051806,0.9960782,0.9552536,0.05608439,0.99898463,0.006384393,0.001702455,0.3079037,0.9006733,0.17201816,0.7203866,0.0009988453
IL_6066131,0.9965526,0.9953229,0.0007638147,0.9864195,0.07204043,0.06802272,0.09514719,0.028725266,0.009015809,0.9977385,0.0005895441
IL_6070882,0.69325274,0.7030712,0.0070560365,0.644179,0.76521456,0.04201074,0.17393987,0.104580626,0.085885346,0.9798591,0.15391
IL_6075447,0.91190624,0.89939666,0.096391976,0.90802723,0.33321682,0.22152257,0.46253282,0.3445773,0.44992042,0.48138493,0.020905867
IL_6099493,0.47448573,0.9956299,0.07704858,0.943848,0.5219058,0.037523072,0.4807827,0.10677254,0.18276794,0.4890784,0.11257564
IL_6099858,0.998185,0.99710065,0.0039696125,0.99586487,0.05290234,0.045931645,0.18427037,0.1535016,0.026030071,0.973435,0.00041233876
IL_6129083,0.00016778195,0.0696206,0.4657454,0.5447774,0.0110568255,0.008578743,0.12799028,0.9648556,0.9985409,9.598528e-05,0.4611252
IL_6163594,0.99911517,0.9898465,0.005763705,0.9977937,0.0348335,0.01565657,0.13400969,0.40010974,0.10308027,0.9051532,0.00021450759
IL_6164735,0.8783074,0.9518672,0.017629188,0.9707366,0.26329374,0.00844734,0.4287242,0.19063567,0.1885707,0.9659411,0.043859523
IL_6191818,0.9998634,0.9892224,0.0019235134,0.999188,0.0023780388,0.015524332,0.07651894,0.37949035,0.0056980075,0.99704236,4.972141e-05
IL_6197538,0.84547997,0.8745509,0.01885097,0.87320673,0.3437035,0.024400178,0.2998182,0.109525464,0.08004771,0.9924447,0.094176926
IL_6214063,0.9999856,0.98391193,0.00076781865,0.9997019,0.00033633577,0.01656091,0.020920271,0.70361716,0.0024150813,0.9958546,2.89624e-06
IL_6247837,0.5432222,0.8332934,0.5028005,0.6926444,0.38504466,0.6520176,0.54017603,0.35437042,0.33520982,0.21742937,0.09612239
IL_6254530,0.06364133,0.06344404,0.10465665,0.9312493,0.054880217,0.0074362517,0.6954871,0.9957776,0.955991,0.003276131,0.006774957
IL_6298296,0.5818217,0.7543745,0.37758362,0.5850306,0.40545404,0.7731935,0.3422522,0.30960134,0.24056116,0.4170804,0.108092
IL_6311333,0.59175104,0.6228627,0.26901096,0.84265035,0.23804145,0.16224527,0.75056165,0.6769185,0.6688394,0.21621211,0.038689144
IL_6364048,0.01578454,0.49526504,0.13618769,0.8340723,0.12230729,0.030165095,0.6740236,0.8831164,0.96595967,0.0052841776,0.07511787
IL_6375582,0.98102623,0.9997385,0.019123781,0.99510163,0.14653367,0.20751151,0.21211477,0.056492627,0.017483745,0.7433936,0.0002704964
IL_6379178,0.7261185,0.8968275,0.08864979,0.9992091,0.00095323514,8.2848535e-05,0.33944523,0.9590901,0.8594438,0.09691261,0.0014608629
IL_6379354,0.9999783,0.9791267,0.0010759168,0.9995565,0.0008653462,0.016327992,0.016849637,0.64502496,0.00793852,0.99211484,5.316183e-06
IL_6430602,0.9468171,0.9906708,0.092400044,0.9891048,0.07045008,0.010792897,0.5553726,0.19791697,0.17186731,0.8342859,0.0031207458
IL_6444875,0.19380331,0.7908226,0.09697264,0.8427099,0.23984857,0.030848172,0.46405926,0.39882776,0.6894117,0.51829886,0.18716566
IL_6483133,2.985406e-05,0.04174385,0.45858192,0.92681664,0.0003072365,0.00042783265,0.21293482,0.99922884,0.9999821,1.0626324e-07,0.0032217337
IL_6492206,0.9076878,0.87450284,0.2475644,0.9667314,0.072914116,0.023333041,0.40911362,0.5007672,0.20265822,0.7701018,0.030416965
IL_6495967,0.9419681,0.94368875,0.006584963,0.9430744,0.21133675,0.0074196723,0.21777792,0.06219988,0.027549822,0.9978114,0.05344881
IL_6516078,0.84572643,0.9596151,0.0015919594,0.9550492,0.29087123,0.00032278468,0.18669099,0.03214766,0.00888251,0.9996203,0.21708633
IL_6579859,0.008651552,0.2046208,0.37555814,0.8607365,0.014903423,0.009788437,0.42558426,0.9774368,0.98825294,0.003402963,0.1426182
IL_6580455,0.6129152,0.9972676,0.32687476,0.96873057,0.15723275,0.04770196,0.43278244,0.13678238,0.10106158,0.25468946,0.0474271
IL_6580650,0.0012673495,0.15191697,0.3771263,0.9550475,0.0014659007,0.001923582,0.568309,0.99650526,0.9996092,1.7231656e-05,0.004268877
IL_6601787,0.9292273,0.9949975,0.0053262603,0.9680789,0.20335712,0.01917142,0.32525262,0.015061936,0.019391805,0.99656147,0.008966337
IL_6603212,0.99908423,0.6601559,0.008864507,0.98692477,0.012174235,0.2718683,0.122181125,0.8625857,0.13126598,0.5958744,4.8031503e-05
IL_6607523,0.6449895,0.90516233,0.3327198,0.6031468,0.39176273,0.9769519,0.11744321,0.15951268,0.14040893,0.06993886,0.0026437994
IL_6614720,0.12339896,0.99203944,0.29150873,0.7299643,0.32809895,0.39133653,0.29371935,0.04857209,0.14153968,0.1270713,0.22357288
IL_6615378,0.89745206,0.84725994,0.21303786,0.97510636,0.15989703,0.04764582,0.70398635,0.8979036,0.8877156,0.016343953,0.0030563138
IL_6619207,0.9250034,0.99923337,0.031360537,0.98833966,0.3180756,0.06673055,0.30786705,0.0605928,0.037150275,0.7369968,0.0030796987
IL_6671454,0.9992312,0.9737095,9.066465e-06,0.9860869,0.06028408,0.0019802293,0.020452237,0.016037619,0.0006345514,0.9999902,0.00035285685
IL_6691109,0.9902084,0.97147524,7.2544586e-05,0.9801476,0.109870546,0.0005161335,0.09241686,0.014889268,0.0014049468,0.99999154,0.0050909393
IL_6705688,0.6186568,0.9888272,0.074562766,0.8840102,0.36437932,0.26776487,0.49153274,0.04152508,0.106515415,0.82630724,0.029688628
IL_6720101,0.9959978,0.99294853,7.262107e-05,0.99002457,0.059148762,0.0015140942,0.06711279,0.008562766,0.0014051468,0.99998236,0.001417103
IL_6730800,0.9949197,0.99606943,0.001344971,0.9849472,0.072143145,0.07520946,0.10775367,0.02399132,0.0092386715,0.99698836,0.0010332065
IL_6785749,0.9990318,0.948005,0.01775583,0.99905854,0.0045468602,0.002547464,0.11477301,0.7372716,0.06486978,0.96584487,0.00057315454
IL_6799756,0.9723442,0.9969234,0.002273202,0.97570485,0.32287475,0.08376053,0.16507913,0.026644813,0.024307573,0.9823545,0.0036001527
IL_6928115,0.868128,0.68758285,0.09460452,0.95211864,0.17464261,0.017488727,0.34607348,0.71246433,0.3552431,0.6206629,0.047268186
IL_6943589,0.94215894,0.9807802,0.00019982533,0.9612074,0.16733216,0.0003239849,0.105223596,0.0060878056,0.00201672,0.9999832,0.04544298
IL_6964671,0.9927285,0.98863506,0.00034624996,0.97939587,0.10988607,0.010973681,0.10097639,0.016421784,0.0064286236,0.9997857,0.0021260139
IL_7115582,0.1675277,0.4561657,0.07555043,0.192084,0.98621714,0.7778982,0.11061924,0.2884228,0.40042028,0.043915376,0.056811832
IL_7148487,0.9701387,0.9992218,0.019428054,0.99283546,0.2386155,0.062664956,0.2832514,0.090032734,0.035480767,0.80955356,0.0015531627
IL_7214473,0.42261684,0.7498016,0.16748327,0.5997806,0.69603294,0.25482994,0.45207655,0.20284475,0.39328843,0.7164855,0.26021427
IL_7218860,0.014283712,0.0088257,0.12546372,0.9163814,0.04029355,0.0053762333,0.71670717,0.9991351,0.9918766,0.00021252046,0.0010240542
IL_7220515,0.8503449,0.9809668,0.008970066,0.8709524,0.4890906,0.13250576,0.18583496,0.029806707,0.051669456,0.96989834,0.034159206
IL_7336116,1.9061475e-06,0.0029479365,0.08005547,0.31880853,0.08083934,0.0013193439,0.053469792,0.99903995,0.9999906,2.1949878e-08,0.014617861
IL_7352985,0.086167336,0.91908807,0.19615409,0.8637637,0.17162734,0.027360361,0.6346257,0.5181604,0.7845389,0.15747528,0.2733722
IL_7359666,0.99927324,0.9771086,0.000397784,0.99365145,0.0499835,0.009291142,0.043579925,0.09484373,0.009467836,0.99924964,0.00089168554
IL_7360646,0.75614697,0.80826396,0.23942463,0.94501597,0.10438552,0.045243822,0.665866,0.6243616,0.6059375,0.31531268,0.0175331
IL_7392612,0.8094945,0.99733907,0.0912116,0.9833977,0.31447455,0.037967946,0.543302,0.26193333,0.25519386,0.25967845,0.010590991
IL_7432503,0.0053808633,0.13192871,0.07659062,0.79822737,0.14229009,0.02151602,0.65355223,0.9866751,0.9949058,0.0002449964,0.009011495
IL_7433595,0.64048475,0.9254372,0.13809174,0.978017,0.07877649,0.027201464,0.80590665,0.79204345,0.82363516,0.051593013,0.00891132
IL_7436788,0.99808854,0.98126066,0.00034748143,0.9643378,0.022607652,0.2277108,0.03314081,0.022947244,0.005462856,0.99916995,0.00032820355
IL_7451087,0.9334293,0.88048273,0.07797195,0.96872085,0.12136131,0.016553797,0.56510895,0.4125993,0.09477746,0.960645,0.03234685
IL_7452804,0.9999372,0.99154824,0.0024700041,0.9998863,0.0018978223,0.0011416761,0.14794683,0.7649004,0.024045909,0.97322184,1.4597531e-05
IL_7462703,0.984666,0.9939016,0.024240335,0.9890463,0.23302087,0.05122383,0.2803472,0.20217887,0.11414946,0.8242302,0.003728116
IL_7464129,3.6321285e-06,0.0049078944,0.515507,0.64725995,0.0018827415,0.0007554438,0.07362705,0.999603,0.99999535,1.1604692e-08,0.0039722
IL_7475868,0.2318756,0.99394965,0.29546797,0.89971036,0.3452912,0.19053666,0.431766,0.121857814,0.25906956,0.10886034,0.154794
IL_7505442,0.9980014,0.9962774,0.0010892971,0.994603,0.044671513,0.026181487,0.1504095,0.050125867,0.007961592,0.9984181,0.0004162853
IL_7512996,0.9980319,0.9630556,0.0002056808,0.9938048,0.022836657,0.0011163013,0.12346886,0.058701422,0.001674431,0.9999864,0.0015677791
IL_7557824,0.79537827,0.97579294,0.013822117,0.91873616,0.3393502,0.014662807,0.37726107,0.032050118,0.05044633,0.9933247,0.063527085
IL_7559500,0.22076516,0.31793654,0.32556453,0.9938408,0.0016383055,0.0013779281,0.78374296,0.9966534,0.98980147,0.0008230178,0.00083180756
IL_7580080,0.001644127,0.0137229655,0.54020095,0.62980914,0.0653351,0.024058579,0.48299852,0.99528027,0.99907637,1.1488801e-05,0.0030691088
IL_7604960,0.98890746,0.9820049,0.29171613,0.99011844,0.013588298,0.09158188,0.22483219,0.4616149,0.13061768,0.59278953,0.0011485361
IL_7612830,0.9486316,0.9995788,0.03659181,0.98774695,0.10070526,0.37932277,0.19538285,0.024935883,0.013128096,0.7907703,0.00060240435
IL_7636226,0.9990132,0.89098823,0.08701214,0.99965215,0.0008044182,0.0013706726,0.20334694,0.97431165,0.17592682,0.46073866,9.1049245e-05
IL_7640681,0.7381352,0.8419227,0.100272425,0.8222234,0.48052552,0.12364299,0.48236826,0.27752697,0.26392186,0.8377974,0.21375757
IL_7667532,0.2136099,0.99912435,0.039518423,0.9158173,0.47681034,0.051407486,0.27098987,0.016812101,0.05460787,0.40036222,0.12042734
IL_7720827,0.003554481,0.053176083,0.0746067,0.018456442,0.999564,0.55389154,0.012109493,0.26686746,0.39295563,0.0061480193,0.70596075
IL_7744265,0.8657115,0.9967932,0.111160874,0.9802051,0.27030596,0.10835004,0.52949786,0.18843704,0.14115499,0.34556744,0.0063208067
IL_7750228,0.99548537,0.9918933,0.003454958,0.9878897,0.083368614,0.04569412,0.1697913,0.06636344,0.02000699,0.9932433,0.0015048011
IL_7772384,0.9989477,0.99364084,1.3329846e-05,0.9960943,0.1272221,0.000425596,0.065981306,0.012979669,0.0014690778,0.99998975,0.0005734931
IL_7777526,0.0041829073,0.31427354,0.26727316,0.8872712,0.015313824,0.008881431,0.54516214,0.96200264,0.99053067,0.0023618573,0.10663851
IL_7780812,0.99687517,0.96922415,0.0074530733,0.9975746,0.042702943,0.00459822,0.26927477,0.586908,0.20827891,0.862877,0.00088308414
IL_7814962,0.9333183,0.9963437,0.023951393,0.9664729,0.13242449,0.14532936,0.2149646,0.030989544,0.02836577,0.9465592,0.005160066
IL_7839360,0.002805515,0.3708201,0.59928095,0.13228191,0.3012924,0.024934266,0.20648418,0.11955268,0.4327885,0.090259805,0.9992072
IL_7845741,0.8783817,0.99771535,0.1907879,0.974498,0.14904372,0.4507765,0.35469353,0.11113793,0.06020212,0.3327963,0.0027611796
IL_7858220,0.7487189,0.98893064,0.048123594,0.915156,0.31102857,0.19417314,0.4793569,0.045156106,0.09171922,0.9158368,0.020000314
IL_7877903,0.98327994,0.87911963,0.18322864,0.9992717,0.0011013923,0.0020107918,0.4176596,0.9810962,0.84934896,0.024647437,0.000111831025
IL_7896836,0.99784184,0.972572,0.0048803687,0.9888925,0.028009357,0.04048542,0.090468556,0.17808661,0.014721227,0.9945275,0.0015127013
IL_7914681,0.94475645,0.96698785,0.0010279029,0.9539463,0.1459715,0.0018953561,0.15602262,0.024129737,0.0055560996,0.9998833,0.029762346
IL_7917684,0.36261508,0.58115995,0.43207052,0.9887916,0.004939773,0.0029019779,0.69491166,0.9834939,0.9435272,0.009966326,0.0061147343
IL_7919145,0.99929273,0.992782,0.0048316107,0.9980463,0.015987063,0.021635298,0.17912346,0.35479984,0.029212726,0.9684973,0.00017445265
IL_7944285,0.82588774,0.6922886,0.07625823,0.99518,0.006124868,0.0025294505,0.53617114,0.945802,0.87902373,0.071922526,0.0011068081
IL_7945525,0.93219006,0.8251405,0.03983375,0.7155689,0.1476533,0.9144727,0.07469889,0.16411918,0.045045804,0.8290122,0.0036465048
IL_7955621,0.38335493,0.99844235,0.07482711,0.9375977,0.48822263,0.15524514,0.2971695,0.056620147,0.10373065,0.23345028,0.046953812
IL_7983237,0.0005435973,0.37834132,0.39104557,0.73695904,0.021318374,0.008664907,0.29964492,0.92312485,0.9946426,0.0006166856,0.6437347
IL_7988157,0.06293272,0.4493683,0.15266883,0.8071296,0.202294,0.06139221,0.692927,0.8561985,0.92404217,0.018102424,0.06072517
IL_8041132,0.9491787,0.95933735,0.01580375,0.9997129,0.0010343185,5.9665155e-05,0.33786854,0.8953711,0.73948634,0.3690993,0.00023693574
IL_8073225,0.9793783,0.96239996,0.00031833776,0.96542645,0.15842713,0.0009821731,0.09391773,0.021122623,0.0029227869,0.99992704,0.019566493
IL_8136561,0.9933663,0.98735446,0.0002018477,0.97906667,0.05725412,0.004383429,0.08077506,0.0147128105,0.0018510778,0.99995065,0.0025751793
IL_8138997,0.961096,0.99943775,0.054612935,0.9941983,0.1939547,0.069791384,0.3333553,0.10223281,0.06742183,0.44645685,0.00081718416
IL_8139746,0.8167488,0.99785346,0.04991425,0.9775925,0.38860673,0.063319914,0.4124944,0.12023741,0.10074069,0.62017256,0.014467568
IL_8183381,0.9912909,0.9585528,0.004704079,0.9896359,0.10892424,0.006048199,0.18831952,0.1787011,0.06477517,0.99481094,0.010881419
IL_8191336,0.7909205,0.98716646,0.124930866,0.9510653,0.36402422,0.10070883,0.44897008,0.20079915,0.22085649,0.5281789,0.03909749
IL_8258340,0.999571,0.98556817,2.8847617e-06,0.996977,0.026510483,5.624844e-05,0.023616066,0.009903336,0.00014386383,0.99999976,0.00037079057
IL_8288616,0.9999937,0.9534174,0.00031311065,0.99946994,0.00034516517,0.038282506,0.006258786,0.6910571,0.002014257,0.9973809,6.432198e-07
IL_8295267,0.9952296,0.91277754,0.023691561,0.98963004,0.023742426,0.02219947,0.15484443,0.38376674,0.042722918,0.98792565,0.0031043934
IL_8342281,0.31776673,0.8357636,0.010542342,0.33447763,0.9502755,0.39579585,0.04275119,0.046183936,0.07797866,0.77835333,0.09596179
IL_8371338,0.9998084,0.96853405,0.00044088523,0.9965816,0.009161261,0.01947416,0.025560955,0.20945698,0.0069295852,0.998754,0.000104110026
IL_8415316,0.4936574,0.9454415,0.033577643,0.74683875,0.69227743,0.058673576,0.32129925,0.082820624,0.09947925,0.8907026,0.33971676
IL_8416177,0.8353089,0.957842,0.14949994,0.9097672,0.3449531,0.2197815,0.5035199,0.34141046,0.1626345,0.56438166,0.036385484
IL_8416753,0.56188685,0.999156,0.12367021,0.896616,0.16924046,0.9516531,0.06906282,0.017102374,0.02358104,0.14535117,0.0013927022
IL_8449784,0.75701964,0.99463356,0.121233426,0.96701413,0.43213335,0.084250994,0.48836327,0.2498728,0.20749673,0.27500305,0.021114796
IL_8456893,0.99887246,0.98527616,0.0030222766,0.99384934,0.031108879,0.030519925,0.07757102,0.1706474,0.021814113,0.99185854,0.00061768765
IL_8510989,0.99646395,0.9942743,0.0125404615,0.99599767,0.076375455,0.011086492,0.22824089,0.21327724,0.075453736,0.9556597,0.0019248944
IL_8524892,0.99971837,0.972235,0.0018900072,0.994966,0.0073404047,0.16134076,0.044580057,0.47600698,0.015630312,0.9785175,5.354124e-05
IL_8562073,0.00029645103,0.14767562,0.3652733,0.25338235,0.049412496,0.0019815473,0.03120367,0.41512194,0.8691278,0.041361295,0.99806255
IL_8576492,0.9992236,0.98075,0.0037038536,0.99725527,0.012911378,0.008630964,0.08874742,0.22155862,0.011796016,0.99758756,0.0004921214
IL_8579370,0.7277035,0.8338743,0.07098642,0.9958533,0.0049484787,0.00086157146,0.48479715,0.808433,0.77484024,0.31087732,0.0019893346
IL_8580922,0.9888813,0.98237926,0.014518882,0.9829699,0.18343045,0.058095865,0.28640893,0.23265845,0.13123131,0.88422656,0.0037410818
IL_8587951,0.87769175,0.94234276,0.017996427,0.99863285,0.004856083,0.00023254135,0.568404,0.757129,0.5240574,0.7072956,0.0012474285
IL_8698362,3.073776e-05,0.022701876,0.17776188,0.9335228,0.0010927196,0.0006141388,0.436871,0.9995616,0.999984,6.673531e-08,0.0008020496
IL_8706018,0.96569985,0.99925846,0.03397604,0.9859044,0.10848986,0.5910353,0.16530834,0.043567307,0.018960077,0.7482998,0.00046044195
IL_8779223,0.9943322,0.98003036,0.0002187581,0.9913271,0.12522717,0.0006581095,0.14189088,0.031223044,0.0047086608,0.99995375,0.005108077
IL_8807227,0.6258301,0.99877733,0.007980238,0.95637524,0.54326975,0.021288315,0.22272643,0.025870644,0.03412305,0.8697003,0.037459835
IL_8864283,0.001023292,0.11892484,0.096674815,0.92622185,0.0053786947,0.0012504942,0.33154178,0.993997,0.99921453,7.451578e-05,0.01430097
IL_8869852,0.79522794,0.9991015,0.044106267,0.96642673,0.48715734,0.36045688,0.2900674,0.03854856,0.043261454,0.40491173,0.003508453
IL_8892064,0.9750919,0.9551706,0.00037065608,0.9618655,0.18063828,0.0012227533,0.119886935,0.017374957,0.0045640767,0.9999299,0.022496177
IL_8894007,0.002612563,0.019541726,0.44439337,0.980283,0.00041703682,0.00042867873,0.35768196,0.9997447,0.99955827,1.0341297e-05,0.0013414844
IL_8908749,0.9904226,0.9522492,0.00022264106,0.9859816,0.18187435,0.0005271565,0.103336334,0.041595683,0.00734184,0.9998969,0.008755837
IL_8914785,0.99926966,0.99436224,1.0090757e-05,0.99153405,0.020091545,0.0047972472,0.028687114,0.005670403,0.00035755747,0.9999963,0.00011320652
IL_8947300,0.9865123,0.9918283,0.028633391,0.99020326,0.1832238,0.024179602,0.36672112,0.23490281,0.13624752,0.86957794,0.004749282
IL_8974391,0.91568714,0.9275374,0.009383943,0.9562929,0.23175927,0.0099019855,0.38761124,0.14803462,0.043831185,0.9960801,0.059790473
IL_9036064,0.10384681,0.99553853,0.14364316,0.85277915,0.54339945,0.061388314,0.404202,0.06500581,0.23931862,0.16502994,0.421686
IL_9058117,0.9376478,0.99713385,0.06683665,0.99149114,0.15830345,0.026181629,0.64539784,0.252232,0.13509184,0.5926671,0.0041440427
IL_9061839,0.99686205,0.9975827,0.0033864004,0.99044156,0.02232144,0.035048112,0.06867694,0.014475138,0.0052126036,0.9979498,0.000584536
IL_9079153,0.89978266,0.9563248,0.022463184,0.94414717,0.20100355,0.017412039,0.39195743,0.06415142,0.04731368,0.99497885,0.031577908
IL_9143254,0.9706552,0.90468574,0.03303125,0.98814684,0.05382611,0.010292449,0.527645,0.46497828,0.17517285,0.9451939,0.004860823
IL_9155981,0.99751806,0.9160427,0.0025885233,0.9781674,0.06225562,0.07440201,0.07481297,0.25015515,0.0459193,0.9874143,0.0012049112
IL_9157122,0.13082053,0.14779711,0.09418673,0.9639749,0.01927134,0.012319936,0.7093947,0.9934598,0.9861778,0.0010151167,0.001709442
IL_9227624,0.6447048,0.9822865,0.1401748,0.98106915,0.11854114,0.017860655,0.7942041,0.5130505,0.5568866,0.23303704,0.018711066
IL_9237017,0.9993754,0.9803632,1.1873526e-05,0.99352175,0.033826515,0.0005319212,0.027052179,0.017025236,0.00041964508,0.99999654,0.0004399266
IL_9273684,0.5207251,0.3800839,0.5387674,0.9814979,0.01036416,0.004006859,0.6458346,0.98451173,0.80892164,0.02860191,0.008095219
IL_9311083,0.9568746,0.94606084,0.054575678,0.99209905,0.067303285,0.0053942804,0.48019803,0.5818356,0.34782338,0.7111857,0.009252417
IL_9322263,0.00015683916,0.084408596,0.082783766,0.85062426,0.010953842,0.0017496153,0.28212646,0.99051243,0.99923396,3.4679568e-05,0.07865294
IL_9341332,0.8882687,0.9994276,0.05773986,0.9878947,0.2824142,0.1327057,0.31799093,0.071574815,0.05225721,0.45466948,0.0029076375
IL_9345649,0.9446061,0.97308743,0.06138712,0.99086994,0.07979912,0.017195193,0.7380581,0.53097486,0.33909956,0.56372863,0.0028913731
IL_9406058,0.84250855,0.7692533,0.0015026567,0.9508374,0.39089474,0.0009657388,0.12975147,0.12798518,0.05839511,0.9972946,0.07993392
IL_9407964,0.56531894,0.99500245,0.04411394,0.91777825,0.47395134,0.09025293,0.30779567,0.060668793,0.081056535,0.66305137,0.060507186
IL_9409250,0.99055195,0.9772167,0.0005723387,0.96487355,0.14517954,0.018600272,0.092542484,0.03135315,0.0078648515,0.999275,0.0046294546
IL_9427286,0.99957794,0.99167246,0.0004971081,0.99790025,0.015395005,0.0022940778,0.056148294,0.0733738,0.0028560914,0.9998301,0.00047417692
IL_9436519,0.1092212,0.47113535,0.6211655,0.98022777,0.0031454572,0.0018835202,0.5567919,0.9854181,0.9779047,0.0040599,0.013274255
IL_9503512,0.99682754,0.99596834,0.009855728,0.9961139,0.106626436,0.01743246,0.26718125,0.20807813,0.08251011,0.92574716,0.0010770618
IL_9521484,0.99849,0.97747725,0.00024587227,0.9878757,0.04680889,0.014870088,0.071292706,0.0524177,0.0042032716,0.9997546,0.00063427957
IL_9540224,0.976586,0.99729425,0.052303653,0.9914288,0.14654444,0.052255932,0.38863683,0.1769452,0.061682668,0.789014,0.0023896487
IL_9561518,0.99897826,0.98731226,2.224852e-05,0.99445736,0.041047163,0.0006082567,0.04878133,0.018045232,0.00060569576,0.9999949,0.0006742017
IL_9572511,0.98992246,0.97879374,0.010526195,0.98738146,0.18194295,0.02174994,0.33712968,0.3567248,0.12956753,0.8986932,0.0044487575
IL_9601760,0.9611489,0.96426404,0.13119757,0.9969584,0.025057938,0.0028556853,0.5618516,0.8813497,0.62989455,0.13343365,0.0026260116
IL_9615893,0.2210887,0.99378175,0.07297896,0.6637414,0.93371004,0.48377398,0.10272552,0.02435379,0.081445724,0.103487484,0.06646957
IL_9620950,0.9281258,0.99070436,0.083289936,0.9604791,0.18212225,0.22828709,0.33052576,0.1419677,0.075602084,0.7627279,0.008478069
IL_9623576,0.9999082,0.987409,0.00027568464,0.9969875,0.005621105,0.07501967,0.018683989,0.18443792,0.005496386,0.99819404,2.2065658e-05
IL_9647002,0.48155388,0.99699783,0.08575613,0.89062,0.4145248,0.40969396,0.25841123,0.03233862,0.06962955,0.32514483,0.025608398
IL_9655170,0.9998971,0.9961659,1.946741e-05,0.9967642,0.008245595,0.01524933,0.014323062,0.012698719,0.0005222114,0.9999728,3.215981e-05
IL_9669202,0.9969919,0.9963899,0.000589199,0.9881015,0.07830987,0.070788704,0.1178255,0.029745007,0.014025429,0.99745554,0.0004621289
IL_9675212,0.89682055,0.3561497,0.22351871,0.99847203,0.0015363576,0.00029515094,0.3845815,0.9980363,0.899386,0.0139557505,0.00051701686
IL_9675469,0.955726,0.9207109,0.0102022,0.97590125,0.18890662,0.009334347,0.40435132,0.24762374,0.10806973,0.98654526,0.020787625
IL_9692632,0.9622134,0.9195332,0.0018489681,0.98682714,0.14210452,0.0014132444,0.17464767,0.22937413,0.1135087,0.9930615,0.018828431
IL_9693077,0.0022497417,0.33040395,0.24022332,0.2686079,0.44621632,0.03953551,0.1410569,0.54918826,0.8136991,0.05289633,0.99001515
IL_9695113,0.9670565,0.96491355,0.0011541125,0.95151275,0.24724711,0.00990379,0.17781723,0.038350523,0.013507061,0.9993187,0.018177975
IL_9696386,0.17635052,0.93816817,0.069679156,0.8186487,0.7253457,0.0637979,0.39744917,0.36271235,0.59880084,0.107657075,0.11122841
IL_9697828,0.95953035,0.9319236,0.015779473,0.9943856,0.048596643,0.0018308782,0.51987565,0.5238089,0.15179577,0.9631799,0.007581115
IL_9702105,0.9999703,0.9871514,0.00029450332,0.9991781,0.0019335927,0.012593117,0.010348834,0.2535805,0.00322519,0.9992404,1.695013e-05
IL_9713310,0.9983046,0.985098,0.032764077,0.99831486,0.012639514,0.008039102,0.2457684,0.46491596,0.056348335,0.93968076,0.00047259012
IL_9722277,0.0003810401,0.007939511,0.8033281,0.60811174,0.00909703,0.0042815674,0.11457387,0.9973002,0.99968004,1.2128786e-06,0.008548407
IL_9728655,0.99002355,0.9874862,0.0077195563,0.9941262,0.12767844,0.0057977694,0.4289849,0.17673805,0.0760232,0.9860619,0.0029245482
IL_9747613,0.9379593,0.93432343,0.008988415,0.96734023,0.16729142,0.012109611,0.41133216,0.14979918,0.053977944,0.99670035,0.022942264
IL_9776207,0.0024488426,0.046202984,0.8437476,0.7727977,0.007865729,0.008335227,0.36101213,0.9910829,0.99733174,5.1155108e-05,0.03249973
IL_9785286,8.624727e-05,0.011031483,0.1926227,0.64050776,0.038755048,0.003857307,0.2607934,0.99853885,0.9999149,7.7877405e-07,0.0033569196
IL_9794109,4.4794742e-08,0.0035487942,0.35406962,0.2251713,0.0072540333,0.00038592948,0.012583498,0.9982186,0.99999785,2.1932456e-09,0.43173
IL_9810905,0.98764914,0.9163515,0.0059560076,0.93910235,0.14275464,0.13137852,0.17591093,0.27343953,0.033504877,0.97390354,0.00598504
IL_9831983,0.059257284,0.8244868,0.34367424,0.51879525,0.6664118,0.37794068,0.49866247,0.37143844,0.74899226,0.047857665,0.23810217
IL_9896495,0.9999964,0.93188727,0.00076545565,0.99989414,0.00012361821,0.0047400296,0.011611462,0.9317973,0.0045979517,0.98693246,4.37328e-07
IL_9908692,0.97910327,0.998895,0.00037859674,0.9869686,0.3220974,0.012792753,0.19734162,0.008711754,0.012391199,0.99828076,0.0016517241
IL_9914512,0.99673826,0.9950729,0.0036813412,0.995719,0.044647697,0.0096620275,0.22884035,0.10465712,0.011068506,0.9970415,0.0011644098
IL_9931816,0.75872403,0.26443106,0.6552874,0.9997017,1.9991532e-05,3.3450182e-05,0.38321984,0.9997081,0.9862183,0.00071705604,3.801491e-05
IL_9962396,0.9995467,0.96748334,0.0008254821,0.9997625,0.0029314416,0.00014133882,0.11562012,0.5467039,0.023576066,0.9988951,0.00017472034
